volume,ticks,status,open,low,high,cost,close,price_variation
232.3557168,2021-06-27 05:00:00,ok,33139,32367.5,33299.5,7670650,32910,0
432.951353,2021-06-27 06:00:00,ok,32916,32827.5,33340,14300670,33100,1
76.12312834,2021-06-27 07:00:00,ok,33159.5,33023.5,33462,2531580,33270.5,1
352.9660661,2021-06-27 08:00:00,ok,33272,32994,33435.5,11731650,33019,0
204.8320902,2021-06-27 09:00:00,ok,33019,32436,33161.5,6730000,32568,0
228.2180464,2021-06-27 10:00:00,ok,32560,32064,32803,7443490,32670,0
85.50334026,2021-06-27 11:00:00,ok,32676,32570,33376.5,2821120,33231,1
89.61999189,2021-06-27 12:00:00,ok,33232.5,33057.5,33554,2982110,33310,0
1357.44891,2021-06-27 13:00:00,ok,33300,32500.5,33441.5,44654750,33112.5,0
240.8729818,2021-06-27 14:00:00,ok,33100,32416,33254,7928530,33251,0
290.2347716,2021-06-27 15:00:00,ok,33240,32887.5,33250,9607050,33209.5,0
60.95295313,2021-06-27 16:00:00,ok,33194.5,32840,33350,2016110,32990,0
39.6889287,2021-06-27 17:00:00,ok,32991,32869.5,33094,1309500,33048,0
94.30970294,2021-06-27 18:00:00,ok,33044,32567.5,33044,3083330,32720.5,0
42.18306606,2021-06-27 19:00:00,ok,32714,32576,32940.5,1380010,32810,0
51.15674697,2021-06-27 20:00:00,ok,32811,32610,32920,1677330,32620,0
61.88457707,2021-06-27 21:00:00,ok,32610,32437,32860,2020660,32840,1
124.3333408,2021-06-27 22:00:00,ok,32850,32815.5,34571.5,4211720,34400,1
109.1347215,2021-06-27 23:00:00,ok,34390,34215,34729,3757240,34670,1
97.92030538,2021-06-28 00:00:00,ok,34680,34434.5,34977,3390960,34570,0
52.42619248,2021-06-28 01:00:00,ok,34567,34326.5,34670,1807710,34326.5,0
71.28753436,2021-06-28 02:00:00,ok,34320.5,34320.5,34644.5,2456980,34410,0
204.5993534,2021-06-28 03:00:00,ok,34418.5,33867.5,34532.5,7021650,34380,0
16.46311671,2021-06-28 04:00:00,ok,34403,34281.5,34932,565880,34349,0
476.7613616,2021-06-28 05:00:00,ok,34351.5,33969.5,34951,16414680,34523,1
121.4953872,2021-06-28 06:00:00,ok,34521.5,33889.5,34785.5,4179950,34520,0
401.9452929,2021-06-28 07:00:00,ok,34518,34480,35260,14015420,35023.5,1
813.4360784,2021-06-28 08:00:00,ok,35029.5,34734.5,35296,28384480,34889.5,0
924.9386292,2021-06-28 09:00:00,ok,34895,33833.5,35324,31887800,34394,0
608.019449,2021-06-28 10:00:00,ok,34394,33680,34495,20836160,34210,0
350.7779693,2021-06-28 11:00:00,ok,34200,33996,34495,12017620,34119,0
1249.194476,2021-06-28 12:00:00,ok,34119,33745,34495,42737380,34451.5,1
971.8765839,2021-06-28 13:00:00,ok,34460,33705,34566.5,33438930,34314,0
24152.30255,2021-06-28 14:00:00,ok,34305.5,33247.5,36566.5,832205270,34307,0
357.0325055,2021-06-28 15:00:00,ok,34307,34306.5,35032,12320860,34967,1
22296.9353,2021-06-28 16:00:00,ok,34973,33891.5,35507,773274230,34656.5,0
1225.001087,2021-06-28 17:00:00,ok,34655.5,34020,34903.5,42028630,34208.5,0
1611.780927,2021-06-28 18:00:00,ok,34176.5,33930,34807.5,55491720,34169.5,0
529.5938096,2021-06-28 19:00:00,ok,34164,33651,35013,18178820,34450,1
356.9864928,2021-06-28 20:00:00,ok,34450,34245.5,35183,12334420,34662,1
140.5786186,2021-06-28 21:00:00,ok,34666,34439.5,35251,4870310,34640,0
172.68948,2021-06-28 22:00:00,ok,34638.5,33966,34961.5,5941900,34427.5,0
172.5317236,2021-06-28 23:00:00,ok,34422,34108.5,34749,5923310,34483,0
2394.497887,2021-06-29 00:00:00,ok,34500,33595.5,35796,83070940,34921.5,1
583.2659903,2021-06-29 01:00:00,ok,34921.5,33951.5,35016.5,20240760,34647.5,0
861.4322875,2021-06-29 02:00:00,ok,34640,33576.5,35038,29658400,34302.5,0
1047.109571,2021-06-29 03:00:00,ok,34310,33733.5,35038,36141210,34584,1
1349.355106,2021-06-29 04:00:00,ok,34578,34037.5,35038,46866240,34872.5,1
187.6775129,2021-06-29 05:00:00,ok,34881.5,34038.5,35038,6505660,34730,0
711.6709001,2021-06-29 06:00:00,ok,34728.5,34596.5,36031.5,25096390,35343.5,1
1668.19041,2021-06-29 07:00:00,ok,35365.5,34800,36304.5,58720330,34870,0
563.4593188,2021-06-29 08:00:00,ok,34867.5,34740,35767.5,19754520,35080,1
227.1235546,2021-06-29 09:00:00,ok,35064.5,34857.5,35573.5,7976750,35224.5,0
249.4631906,2021-06-29 10:00:00,ok,35242.5,35060,35799.5,8852660,35571,1
10750.81364,2021-06-29 11:00:00,ok,35530.5,34577.5,36475.5,383600090,35590.5,0
240.4560587,2021-06-29 12:00:00,ok,35579.5,35367,36244,8567300,35817.5,1
48.38138681,2021-06-29 13:00:00,ok,35823.5,35740,36500,1751920,36315,1
1835.911502,2021-06-29 14:00:00,ok,36314.5,35314.5,36800,66365720,36256,0
1212.940484,2021-06-29 15:00:00,ok,36268,35775.5,36842,44072930,36244,0
9.39735847,2021-06-29 16:00:00,ok,36237.5,36071.5,36500.5,340980,36353,0
2432.286147,2021-06-29 17:00:00,ok,36372,35389,37062,88464370,36384,0
5.43583135,2021-06-29 18:00:00,ok,36382,36145.5,36398.5,197140,36269.5,0
132.929982,2021-06-29 19:00:00,ok,36288,35737,36934.5,4842580,36412,0
20.08165169,2021-06-29 20:00:00,ok,36422.5,35803,36487.5,730840,36185.5,0
44.68130402,2021-06-29 21:00:00,ok,36175.5,35640,36317,1612340,36247.5,0
17.24813928,2021-06-29 22:00:00,ok,36250,35763.5,36262,623860,35943,0
7.53900854,2021-06-29 23:00:00,ok,35929.5,35835,36104,271100,35906.5,0
8.80793176,2021-06-30 00:00:00,ok,35945,35250,36089,315650,35881.5,0
4.42892396,2021-06-30 01:00:00,ok,35870.5,35731.5,35941.5,158810,35835.5,0
151.2832643,2021-06-30 02:00:00,ok,35798.5,35250,35899,5421400,35784,0
676.6485199,2021-06-30 03:00:00,ok,35770,35075.5,35775,23857380,35099.5,0
1053.77782,2021-06-30 04:00:00,ok,35099,34287.5,35665,36921050,34757,0
215.7095722,2021-06-30 05:00:00,ok,34758.5,34317.5,34948.5,7471390,34828.5,0
645.0632832,2021-06-30 06:00:00,ok,34803.5,34699.5,35567.5,22557670,35043.5,1
272.7335008,2021-06-30 07:00:00,ok,35018,34885,35569.5,9572300,35234.5,1
482.4249692,2021-06-30 08:00:00,ok,35252.5,34532,35296,16894120,34579.5,0
1472.754267,2021-06-30 09:00:00,ok,34570.5,33700,34714.5,50555110,34567.5,0
2635.008239,2021-06-30 10:00:00,ok,34567,33700,34809.5,91022640,34752.5,1
801.6271424,2021-06-30 11:00:00,ok,34751.5,34557,34993.5,27911900,34897.5,0
236.9483305,2021-06-30 12:00:00,ok,34836,34580,35015.5,8222860,34652.5,0
131.8018389,2021-06-30 13:00:00,ok,34649.5,34474.5,34735,4564570,34735,0
217.2813468,2021-06-30 14:00:00,ok,34734.5,34484.5,34825,7518140,34602,0
132.9782048,2021-06-30 15:00:00,ok,34602,34099.5,34602,4559510,34148,0
89.1095393,2021-06-30 16:00:00,ok,34177.5,34052.5,34354,3049400,34113.5,0
298.7260067,2021-06-30 17:00:00,ok,34125.5,34125.5,34756,10310290,34701.5,1
92.8398464,2021-06-30 18:00:00,ok,34696,34553,34888.5,3218070,34802.5,0
163.6564206,2021-06-30 19:00:00,ok,34809,34639.5,34827,5686280,34753.5,0
202.1122809,2021-06-30 20:00:00,ok,34750.5,34354,35066.5,7037920,34571.5,0
219.5468481,2021-06-30 21:00:00,ok,34570,34570,35013.5,7637670,34798.5,1
309.3834945,2021-06-30 22:00:00,ok,34802,34611,35226.5,10758960,34855,0
197.8041897,2021-06-30 23:00:00,ok,34889.5,34518,35196,6927440,35039,1
138.7192351,2021-07-01 00:00:00,ok,35063.5,34720.5,35064.5,4834200,34773,0
115.3149226,2021-07-01 01:00:00,ok,34743,34731,35022.5,4020770,34949.5,1
198.6921485,2021-07-01 02:00:00,ok,34953.5,34220,34953.5,6853400,34334,0
56.70658714,2021-07-01 03:00:00,ok,34294,34138,34384.5,1942400,34176,0
170.6312556,2021-07-01 04:00:00,ok,34133.5,34059,34340.5,5843180,34284,0
1014.036495,2021-07-01 05:00:00,ok,34284,34183.5,34859,34743920,34343.5,0
383.0327676,2021-07-01 06:00:00,ok,34343,33506.5,34841,13014760,33506.5,0
419.4309876,2021-07-01 07:00:00,ok,33507,33337.5,33757,14048820,33347,0
1552.449317,2021-07-01 08:00:00,ok,33332,33150,33904.5,52000630,33465,0
367.324031,2021-07-01 09:00:00,ok,33436,33067,33641,12258550,33254.5,0
866.3934014,2021-07-01 10:00:00,ok,33269.5,30718.5,34260,27876070,30961,0
1610.548173,2021-07-01 11:00:00,ok,30971.5,30694.5,35882,54021320,33686.5,1
122.0795932,2021-07-01 12:00:00,ok,33703,33455.5,34225.5,4104490,33663,0
15.866072,2021-07-01 13:00:00,ok,33670.5,33556.5,33682.5,533560,33567,0
31.19867881,2021-07-01 14:00:00,ok,33568,30610.5,33580.5,1021940,30741,0
500.1517343,2021-07-01 15:00:00,ok,30683.5,30683.5,32010.5,15499670,32010.5,1
243.0734545,2021-07-01 16:00:00,ok,32010.5,32010,33483.5,8061720,33186,1
95.1611092,2021-07-01 17:00:00,ok,33186.5,33186,33483.5,3170800,33361,1
14.59444966,2021-07-01 18:00:00,ok,33350,33333,33398.5,486830,33333,0
329.6819683,2021-07-01 19:00:00,ok,33316,31876.5,33316,10553540,31911,0
291.553626,2021-07-01 20:00:00,ok,32197.5,32197.5,33197,9623200,33197,1
0.11838514,2021-07-01 21:00:00,ok,33197,33196.5,33197,3930,33197,0
121.2900417,2021-07-01 22:00:00,ok,33196.5,32608,33197,4026170,33197,0
126.7260867,2021-07-01 23:00:00,ok,33194.5,32615,33302.5,4206890,33118,0
0.03955499,2021-07-02 00:00:00,ok,33118.5,33118,33118.5,1310,33118.5,0
7.53423172,2021-07-02 01:00:00,ok,33118.5,33118,33118.5,249520,33118.5,0
18.53798784,2021-07-02 02:00:00,ok,33118.5,32543.5,33195,611540,32826,0
3.83403959,2021-07-02 03:00:00,ok,33186.5,32608.5,33186.5,127210,32608.5,0
9.4449603,2021-07-02 04:00:00,ok,32609,32074,32813,307660,32813,1
29.21120354,2021-07-02 05:00:00,ok,32813,31876.5,32813,951690,32764,0
495.0892193,2021-07-02 06:00:00,ok,32768,31876.5,32840,16124890,32445,0
97.23436337,2021-07-02 07:00:00,ok,32803,32254.5,32803.5,3188160,32801.5,1
110.2615797,2021-07-02 08:00:00,ok,32801.5,32801.5,32845.5,3618590,32844,0
233.3831087,2021-07-02 09:00:00,ok,32845.5,32801.5,33422.5,7735200,32972,0
335.9416652,2021-07-02 10:00:00,ok,32966.5,32225.5,33055.5,11043420,32979.5,0
5.82615087,2021-07-02 11:00:00,ok,33010,32845,33208.5,192640,33004.5,0
31.38293954,2021-07-02 12:00:00,ok,32994.5,32878,33230.5,1041030,33181.5,1
337.8225401,2021-07-02 13:00:00,ok,33202.5,33157,33484.5,11277190,33484.5,1
444.6407924,2021-07-02 14:00:00,ok,33484.5,33275.5,33702,14909930,33642,0
521.9877383,2021-07-02 15:00:00,ok,33649,33373,34103.5,17538610,33615.5,0
4.4542995,2021-07-02 16:00:00,ok,33678,33440,33743.5,149570,33609.5,0
7.1197025,2021-07-02 17:00:00,ok,33609,33367,33644,238290,33444,0
20.60556087,2021-07-02 18:00:00,ok,33448,33251,33448,687270,33273.5,0
65.95596183,2021-07-02 19:00:00,ok,33273.5,33099.5,33329,2194410,33275,0
3.28552281,2021-07-02 20:00:00,ok,33311.5,33063.5,33314,109040,33096.5,0
52.63257935,2021-07-02 21:00:00,ok,33108,33084,33484.5,1760250,33451.5,1
117.3607758,2021-07-02 22:00:00,ok,33469.5,33401.5,33651.5,3923750,33651.5,1
8.39532179,2021-07-02 23:00:00,ok,33676,33642.5,33905,283560,33810.5,0
261.4637065,2021-07-03 00:00:00,ok,33792,33486,33901.5,8788410,33486,0
91.29614988,2021-07-03 01:00:00,ok,33550,33550,33726.5,3063210,33674.5,1
1.15396532,2021-07-03 02:00:00,ok,33642.5,33501,33642.5,38790,33501,0
5.85398318,2021-07-03 03:00:00,ok,33501,33370.5,33528.5,195790,33508.5,0
28.3301968,2021-07-03 04:00:00,ok,33489,33450,33676,948620,33676,0
2.95210296,2021-07-03 05:00:00,ok,33642.5,33609,33777,99600,33709.5,0
6.72734908,2021-07-03 06:00:00,ok,33702,33672.5,33814,227170,33690.5,0
7997.901391,2021-07-03 07:00:00,ok,33688.5,33041,37258.5,274290050,37149,1
1833.238266,2021-07-03 08:00:00,ok,37149,34210.5,37156,64982360,34506.5,0
7315.322324,2021-07-03 09:00:00,ok,34499.5,33631,37240,254950200,37235.5,1
2274.322263,2021-07-03 10:00:00,ok,37235.5,34582.5,37268,79838850,34590.5,0
50.8238908,2021-07-03 11:00:00,ok,34599.5,34405,34615.5,1752160,34603.5,0
30439.77132,2021-07-03 12:00:00,ok,34610,31951.5,35253.5,1036924620,31972.5,0
13753.64685,2021-07-03 13:00:00,ok,31972.5,31959.5,37127.5,477425650,34684.5,1
1114.187778,2021-07-03 14:00:00,ok,34706.5,34600,35261.5,38670660,34669,0
27.21077913,2021-07-03 15:00:00,ok,34692.5,34207.5,34728,942170,34632,0
14.4046681,2021-07-03 16:00:00,ok,34623.5,34500,34656.5,497320,34518.5,0
4.72189683,2021-07-03 17:00:00,ok,34521,34521,34913,163540,34773.5,1
1.90326083,2021-07-03 18:00:00,ok,34766,34629,34766,66010,34656.5,0
3.13186461,2021-07-03 19:00:00,ok,34651,34587.5,34775,108570,34762,0
3.96353259,2021-07-03 20:00:00,ok,34739.5,34633.5,34829.5,137680,34711.5,0
23.12429247,2021-07-03 21:00:00,ok,34707,34553,34884,804520,34575.5,0
7.93132963,2021-07-03 22:00:00,ok,34567.5,34280.5,34634,273770,34566,0
2.08565481,2021-07-03 23:00:00,ok,34577.5,34370,34697,72020,34675.5,0
7.77801696,2021-07-04 00:00:00,ok,34670,34504.5,34715,269240,34514.5,0
1.39146688,2021-07-04 01:00:00,ok,34504,34368.5,34553,47950,34449.5,0
4.556586,2021-07-04 02:00:00,ok,34436,34404.5,34624,157240,34593,0
5.69238642,2021-07-04 03:00:00,ok,34583.5,34549.5,34736,197200,34649,0
6.23421843,2021-07-04 04:00:00,ok,34642.5,34635.5,34815.5,216470,34767,0
398.9874913,2021-07-04 05:00:00,ok,34745,34691,35644.5,14044170,35239.5,1
617.8269178,2021-07-04 06:00:00,ok,35224,35061,35432,21743230,35427,1
74.38957473,2021-07-04 07:00:00,ok,35407,35200,35696,2639550,35606,1
289.0894873,2021-07-04 08:00:00,ok,35567.5,35406,36151.5,10280250,35543,0
24.34757687,2021-07-04 09:00:00,ok,35521,35380,35524.5,863630,35492,0
18.85578074,2021-07-04 10:00:00,ok,35469.5,35448.5,35584,669380,35580,0
163.8924039,2021-07-04 11:00:00,ok,35568,35473,35585.5,5818380,35497,0
255.5859526,2021-07-04 12:00:00,ok,35504.5,35234,35545.5,9062610,35234,0
274.5880005,2021-07-04 13:00:00,ok,35252,35248.5,35407.5,9701870,35348,0
166.4532214,2021-07-04 14:00:00,ok,35347.5,35292.5,35499,5889200,35468,0
53.65717247,2021-07-04 15:00:00,ok,35468,35398,35530,1902320,35482.5,0
246.4813751,2021-07-04 16:00:00,ok,35485,35431.5,36006,8768840,35470,0
26142.67805,2021-07-04 17:00:00,ok,35467.5,35382.5,36453.5,937545110,35547.5,0
1223.74334,2021-07-04 18:00:00,ok,35547.5,35394.5,35599.5,43426660,35504.5,0
297.9241255,2021-07-04 19:00:00,ok,35504,35475.5,35576,10582050,35572,0
532.0436768,2021-07-04 20:00:00,ok,35565,35000,36067.5,18822370,35530.5,0
1577.230685,2021-07-04 21:00:00,ok,35527.5,35479,36101.5,56180220,35903.5,1
1871.376663,2021-07-04 22:00:00,ok,35843,35061,36465,66825620,35338.5,0
74.4628028,2021-07-04 23:00:00,ok,35295.5,35201,35438,2631730,35278.5,0
215.7105222,2021-07-05 00:00:00,ok,35252.5,34530,35252.5,7544850,34900,0
211.250966,2021-07-05 01:00:00,ok,34830.5,34497.5,35094.5,7332820,34553,0
111.0552511,2021-07-05 02:00:00,ok,34559,34338.5,34954,3827530,34448.5,0
92.87227329,2021-07-05 03:00:00,ok,34442,34244.5,34537.5,3195330,34378,0
527.0616496,2021-07-05 04:00:00,ok,34355.5,34089.5,34889,18132820,34169.5,0
102.319358,2021-07-05 05:00:00,ok,34168,34073.5,34344,3499140,34332.5,0
44.13047561,2021-07-05 06:00:00,ok,34325.5,34215,34386.5,1513900,34307,0
92.83521258,2021-07-05 07:00:00,ok,34311,34080.5,34320.5,3174330,34250,0
234.7303181,2021-07-05 08:00:00,ok,34258.5,34106,34326,8031300,34259.5,0
1050.45883,2021-07-05 09:00:00,ok,34263,33825.5,34813.5,35916500,34310.5,0
265.7342629,2021-07-05 10:00:00,ok,34310.5,34271.5,34531.5,9134770,34472.5,0
8656.943374,2021-07-05 11:00:00,ok,34469.5,30848,36162,285170940,30932,0
11868.7986,2021-07-05 12:00:00,ok,30840,30840,36110.5,397851050,33459,1
3132.933213,2021-07-05 13:00:00,ok,33472,32945,34612.5,105883550,33615.5,0
2332.548483,2021-07-05 14:00:00,ok,33618,32846.5,33707.5,78144890,33707.5,0
694.6020909,2021-07-05 15:00:00,ok,33707,33504.5,33744,23390680,33591,0
262.7410506,2021-07-05 16:00:00,ok,33584.5,33557.5,33725.5,8828670,33646,0
154.686698,2021-07-05 17:00:00,ok,33640,33113,33734,5191120,33695,0
84.81161663,2021-07-05 18:00:00,ok,33704.5,33704.5,34161.5,2876370,33986,1
104.2543292,2021-07-05 19:00:00,ok,33979,33979,34256,3557680,34117,0
49.37979053,2021-07-05 20:00:00,ok,34154.5,33743.5,34157.5,1678960,33839.5,0
92.51396641,2021-07-05 21:00:00,ok,33839.5,33839.5,34186.5,3151180,34160,1
25.3955745,2021-07-05 22:00:00,ok,34163.5,33953,34186.5,865710,33980.5,0
160.8800711,2021-07-05 23:00:00,ok,33957.5,33686.5,34104.5,5454140,33690,0
77.17989426,2021-07-06 00:00:00,ok,33690,33660,34157.5,2625950,34056,1
40.51572942,2021-07-06 01:00:00,ok,34049,33777,34079.5,1375310,33777,0
27.94201393,2021-07-06 02:00:00,ok,33774,33333,33907.5,944120,33907.5,0
57.09584338,2021-07-06 03:00:00,ok,33911,33832.5,33961,1936940,33919.5,0
156.2615533,2021-07-06 04:00:00,ok,33919.5,33918.5,34738,5364870,34639.5,1
103.3404887,2021-07-06 05:00:00,ok,34664.5,34625.5,34820,3588660,34782,0
57.26422534,2021-07-06 06:00:00,ok,34790,34660.5,34806.5,1990680,34689.5,0
393.4419978,2021-07-06 07:00:00,ok,34693,34693,34955.5,13691630,34862,0
771.9587109,2021-07-06 08:00:00,ok,34863,34729,35356.5,26889550,35059,1
873.02055,2021-07-06 09:00:00,ok,35059,34032.5,35603.5,30324850,34201,0
982.2086021,2021-07-06 10:00:00,ok,34201,33600,34878.5,33342900,33922,0
354.626485,2021-07-06 11:00:00,ok,33905,33741,34267,12035840,34068,0
1107.884668,2021-07-06 12:00:00,ok,34052.5,33516,34639.5,37755530,34383.5,1
452.9934525,2021-07-06 13:00:00,ok,34387,33947.5,34512,15530970,34118,0
2006.552855,2021-07-06 14:00:00,ok,34137,33552,34814,68461810,34141,0
2503.842866,2021-07-06 15:00:00,ok,34136.5,33382,34698.5,85122220,34038.5,0
888.7289284,2021-07-06 16:00:00,ok,34036,33315.5,34482,30109960,34016.5,0
712.2827574,2021-07-06 17:00:00,ok,34012,33388,34547.5,24138900,33904.5,0
160.3296448,2021-07-06 18:00:00,ok,33914.5,33787,34111,5440500,33834.5,0
449.9274577,2021-07-06 19:00:00,ok,33823.5,33392,34333,15255810,33994,0
656.9477667,2021-07-06 20:00:00,ok,34002.5,33832.5,34072.5,22291520,33936.5,0
281.081325,2021-07-06 21:00:00,ok,33930,33636.5,34361,9504950,33744,0
142.3429727,2021-07-06 22:00:00,ok,33743.5,33743.5,34111,4832070,34040,1
33.74296764,2021-07-06 23:00:00,ok,34010.5,33958,34284.5,1149450,34220.5,1
74.63367274,2021-07-07 00:00:00,ok,34217,33940,34412,2545040,34144.5,0
108.846839,2021-07-07 01:00:00,ok,34144,33995.5,34251,3716020,34230,0
77.38652755,2021-07-07 02:00:00,ok,34236,34024.5,34293,2639950,34293,0
80.47849093,2021-07-07 03:00:00,ok,34285,34212,34528.5,2768450,34477.5,1
54.16786335,2021-07-07 04:00:00,ok,34509.5,34400.5,34779,1872290,34723,1
109.4492975,2021-07-07 05:00:00,ok,34739,34613,34905.5,3808570,34835,0
278.1609784,2021-07-07 06:00:00,ok,34838.5,34680.5,35000,9680510,34738,0
8156.248044,2021-07-07 07:00:00,ok,34754,34191.5,35626,285165510,34735.5,0
697.7369424,2021-07-07 08:00:00,ok,34734,34176.5,35412,24309280,34820.5,0
420.6420761,2021-07-07 09:00:00,ok,34809.5,34187,35341.5,14627980,34698.5,0
510.1947653,2021-07-07 10:00:00,ok,34698.5,34068,35213.5,17662180,34630.5,0
148.4952903,2021-07-07 11:00:00,ok,34629,34589.5,34995,5175710,34856.5,1
271.8429941,2021-07-07 12:00:00,ok,34856.5,34428,35475.5,9485400,34864.5,0
362.6426886,2021-07-07 13:00:00,ok,34864,34658.5,34895.5,12604170,34838,0
397.1170474,2021-07-07 14:00:00,ok,34819,34547.5,34880,13774890,34650.5,0
247.8625648,2021-07-07 15:00:00,ok,34638.5,34500,34702,8580130,34541.5,0
88.34392757,2021-07-07 16:00:00,ok,34541.5,34443.5,34629.5,3055170,34571.5,0
605.7149233,2021-07-07 17:00:00,ok,34582.5,33989.5,34687.5,20856790,34650,0
181.0925735,2021-07-07 18:00:00,ok,34650,34569.5,34796,6283490,34677,0
110.1976916,2021-07-07 19:00:00,ok,34677,34565.5,34746,3817440,34638,0
74.15762031,2021-07-07 20:00:00,ok,34609.5,34475.5,34615,2562030,34532.5,0
1107.375615,2021-07-07 21:00:00,ok,34519.5,33793,35027,38257750,34246,0
162.4919054,2021-07-07 22:00:00,ok,34204.5,34068,34275.5,5554400,34149.5,0
265.1956686,2021-07-07 23:00:00,ok,34147.5,33764,34147.5,9002190,33859.5,0
256.9965805,2021-07-08 00:00:00,ok,33855,33111,33909.5,8594850,33248.5,0
245.7007639,2021-07-08 01:00:00,ok,33217.5,33193,33807,8207600,33302.5,0
38.46109001,2021-07-08 02:00:00,ok,33290.5,33274.5,33408.5,1283230,33372,0
216.4451184,2021-07-08 03:00:00,ok,33385,33076.5,33410.5,7194290,33312,0
57.56599161,2021-07-08 04:00:00,ok,33296,33151,33360,1916160,33301.5,0
83.5850743,2021-07-08 05:00:00,ok,33295,32922.5,33339,2777660,32922.5,0
286.4985201,2021-07-08 06:00:00,ok,32922.5,32600,33850,9519800,33082.5,0
457.7896648,2021-07-08 07:00:00,ok,33072.5,32225.5,33251.5,15055400,32485,0
526.8112801,2021-07-08 08:00:00,ok,32485.5,32238,32600,17081910,32566,0
86.31516354,2021-07-08 09:00:00,ok,32578,32495,32658.5,2812590,32561,0
78.40727832,2021-07-08 10:00:00,ok,32560.5,32470,32725.5,2556060,32493.5,0
431.3370402,2021-07-08 11:00:00,ok,32493.5,32092.5,33281.5,14028950,32879,1
10865.90802,2021-07-08 12:00:00,ok,32879,30171,35451,354833750,32591.5,0
278.78983,2021-07-08 13:00:00,ok,32600,32350.5,33179,9060020,32488.5,0
348.644465,2021-07-08 14:00:00,ok,32488.5,32478.5,32801,11365580,32766,1
192.298979,2021-07-08 15:00:00,ok,32766,32709.5,32920.5,6312190,32908.5,0
69.70095225,2021-07-08 16:00:00,ok,32903.5,32683.5,32961.5,2287790,32915.5,0
177.9110941,2021-07-08 17:00:00,ok,32910.5,32794,33463,5857920,32870,0
41.94843612,2021-07-08 18:00:00,ok,32870,32749.5,32914.5,1376530,32854,0
97.07327335,2021-07-08 19:00:00,ok,32838.5,32642,33151.5,3195360,32995.5,0
76.11749164,2021-07-08 20:00:00,ok,32983,32786.5,33041.5,2505620,32804,0
79.10560847,2021-07-08 21:00:00,ok,32814,32697.5,32944.5,2599970,32697.5,0
81.30380646,2021-07-08 22:00:00,ok,32701.5,32514,32807.5,2654890,32538,0
86.63030995,2021-07-08 23:00:00,ok,32564.5,32564.5,32877.5,2836260,32877.5,1
137.8749406,2021-07-09 00:00:00,ok,32860,32374,32869,4494610,32381,0
127.7329519,2021-07-09 01:00:00,ok,32380,32285,32720.5,4158280,32670,1
228.4338274,2021-07-09 02:00:00,ok,32680,32620,33002.5,7504550,32970,1
124.2766957,2021-07-09 03:00:00,ok,32960,32803.5,33087.5,4097040,32950,0
53.85468578,2021-07-09 04:00:00,ok,32960,32910,33124.5,1777560,33030,0
68.09515028,2021-07-09 05:00:00,ok,33027,32984.5,33302.5,2253540,32986,0
1098.693442,2021-07-09 06:00:00,ok,33000,32768,33434,36627900,32826.5,0
8645.343961,2021-07-09 07:00:00,ok,32826.5,32091.5,33417,283977560,32873,0
3857.324568,2021-07-09 08:00:00,ok,32872,32287.5,33599,126968470,32825.5,0
333.898595,2021-07-09 09:00:00,ok,32821,32507,33058,10990380,32919,0
766.0526888,2021-07-09 10:00:00,ok,32918,32375,33470,25129360,32898,0
329.0545139,2021-07-09 11:00:00,ok,32896,32695,32896,10785800,32782,0
3159.502192,2021-07-09 12:00:00,ok,32770,32579,33532.5,104475100,32990,1
1641.605933,2021-07-09 13:00:00,ok,32993.5,32344,33715,54529340,33423.5,1
71.13022502,2021-07-09 14:00:00,ok,33430.5,33345,33670,2388040,33523.5,0
143.7128388,2021-07-09 15:00:00,ok,33531.5,33010,33639.5,4769240,33570,0
85.42226095,2021-07-09 16:00:00,ok,33559.5,33450,34028,2869780,33516,0
18.11776965,2021-07-09 17:00:00,ok,33519,33438,33545,606730,33480,0
9.96136353,2021-07-09 18:00:00,ok,33477,33369.5,33493,333310,33370,0
12.93193089,2021-07-09 19:00:00,ok,33377,33300,33450,431430,33441,0
310.884427,2021-07-09 20:00:00,ok,33450,33013,33537,10396490,33518.5,0
303.3629454,2021-07-09 21:00:00,ok,33518.5,33452.5,34462,10377440,33885.5,1
157.9234962,2021-07-09 22:00:00,ok,33914.5,33858.5,34087,5359780,33980,0
31.38589129,2021-07-09 23:00:00,ok,34000,33798.5,34012,1066270,33820,0
120.0556441,2021-07-10 00:00:00,ok,33835,33762.5,34684.5,4114250,34030,1
3.37327036,2021-07-10 01:00:00,ok,34037,33780.5,34053.5,114580,33810.5,0
2.03356513,2021-07-10 02:00:00,ok,33775,33666,33842,68640,33741.5,0
2.16778375,2021-07-10 03:00:00,ok,33730,33717.5,33844,73240,33790,0
1.9563156,2021-07-10 04:00:00,ok,33803,33624,33895,66050,33658.5,0
7.96560485,2021-07-10 05:00:00,ok,33658,33515,33710.5,268200,33656.5,0
211.1565458,2021-07-10 06:00:00,ok,33657,33470,34306,7132320,33720,0
1290.970999,2021-07-10 07:00:00,ok,33720,33616.5,34212,43790810,33770,0
197.8986114,2021-07-10 08:00:00,ok,33780.5,33709,34318.5,6692610,33770,0
432.9153126,2021-07-10 09:00:00,ok,33754,33728.5,34361,14642620,33728.5,0
2.75827033,2021-07-10 10:00:00,ok,33729,33600,33799,92880,33621,0
7.41527088,2021-07-10 11:00:00,ok,33610,33586.5,33890,249580,33788.5,0
2.00076504,2021-07-10 12:00:00,ok,33770,33754.5,33931.5,67690,33840,0
25.56816008,2021-07-10 13:00:00,ok,33841,33638.5,33888,864780,33695,0
299.9447718,2021-07-10 14:00:00,ok,33684,33650,33840,10113550,33830,0
12.53611781,2021-07-10 15:00:00,ok,33817.5,33794.5,33921,424590,33873.5,0
8.36533815,2021-07-10 16:00:00,ok,33873,33803,34170,284620,34010,0
20.93946814,2021-07-10 17:00:00,ok,34000,33257,34000,702050,33420,0
1.87717235,2021-07-10 18:00:00,ok,33409,33350,33461.5,62720,33453.5,0
8.0594839,2021-07-10 19:00:00,ok,33455.5,33342.5,33553,269470,33398.5,0
9.6516378,2021-07-10 20:00:00,ok,33403,33038.5,33403,320540,33317,0
4.47761621,2021-07-10 21:00:00,ok,33316.5,33275,33429.5,149570,33421,0
138.5392799,2021-07-10 22:00:00,ok,33421.5,33019.5,34026,4641910,33638,1
15.74524705,2021-07-10 23:00:00,ok,33639,33499,33677.5,529520,33504.5,0
7.48870533,2021-07-11 00:00:00,ok,33501.5,33469,33810,252020,33720.5,1
5.05890009,2021-07-11 01:00:00,ok,33737.5,33572,33778.5,170330,33614,0
3.22071202,2021-07-11 02:00:00,ok,33632.5,33529,33677,108320,33529,0
333.2093307,2021-07-11 03:00:00,ok,33530,33417.5,34007.5,11271320,33459,0
161.9698301,2021-07-11 04:00:00,ok,33459,33323,33526.5,5410930,33470.5,0
49.1891953,2021-07-11 05:00:00,ok,33468,33425.5,33645.5,1647880,33581.5,0
7.87626836,2021-07-11 06:00:00,ok,33631,33435.5,33631.5,264460,33474.5,0
204.4636703,2021-07-11 07:00:00,ok,33470.5,33387,33567,6842260,33490,0
249.6689293,2021-07-11 08:00:00,ok,33521,33038.5,34187,8500610,33709.5,1
123.8031936,2021-07-11 09:00:00,ok,33716,33623.5,33874,4176670,33723,0
52.45215518,2021-07-11 10:00:00,ok,33705.5,33635.5,33850,1770090,33778,0
45.1973287,2021-07-11 11:00:00,ok,33764.5,33704.5,33840.5,1526130,33820,0
341.5068771,2021-07-11 12:00:00,ok,33843.5,33690.5,33881,11530570,33762,0
127.7997809,2021-07-11 13:00:00,ok,33754.5,33674,33925.5,4313550,33911.5,0
328.3946775,2021-07-11 14:00:00,ok,33945.5,33833.5,33996.5,11135430,33940,0
161.2223819,2021-07-11 15:00:00,ok,33957,33891.5,34354,5473810,33971,0
267.2006573,2021-07-11 16:00:00,ok,33968,33811.5,34150,9084870,34005,0
494.0201529,2021-07-11 17:00:00,ok,34011,33900,34030.5,16782680,33922.5,0
242.4271992,2021-07-11 18:00:00,ok,33917,33867.5,34028.5,8220070,33972.5,0
79.11691074,2021-07-11 19:00:00,ok,33995,33869.5,34017.5,2685350,33891.5,0
1110.576462,2021-07-11 20:00:00,ok,33917.5,33600,34470,37815420,33852.5,0
601.8563387,2021-07-11 21:00:00,ok,33862,33334,34613.5,20313370,34507,1
138.3871899,2021-07-11 22:00:00,ok,34495.5,34366.5,34610.5,4762510,34428,0
136.9148089,2021-07-11 23:00:00,ok,34410,34180,34411,4694920,34240,0
129.391127,2021-07-12 00:00:00,ok,34285.5,34107,34342.5,4421360,34199,0
73.15126039,2021-07-12 01:00:00,ok,34182.5,34080,34211.5,2499290,34143,0
120.3278021,2021-07-12 02:00:00,ok,34170.5,34096.5,34305,4116240,34282.5,0
135.9204023,2021-07-12 03:00:00,ok,34281.5,34281.5,34535,4677020,34467.5,1
152.2343654,2021-07-12 04:00:00,ok,34458.5,34318,34654,5240330,34318,0
93.66862014,2021-07-12 05:00:00,ok,34318,34180.5,34349,3211520,34343.5,0
203.1973341,2021-07-12 06:00:00,ok,34345,34229.5,34445.5,6982220,34402,0
216.3751086,2021-07-12 07:00:00,ok,34402,34221.5,34506,7434620,34281,0
555.6597506,2021-07-12 08:00:00,ok,34281,34230,34650,19068640,34290,0
408.0334143,2021-07-12 09:00:00,ok,34290,34030.5,34722.5,14004010,34059.5,0
199.6420256,2021-07-12 10:00:00,ok,34063.5,33185.5,34228,6755640,33788.5,0
4618.664922,2021-07-12 11:00:00,ok,33784,33584,36118,159905040,34950,1
72591.72379,2021-07-12 12:00:00,ok,34950,31083.5,36127.5,2432994420,33572,0
9056.190168,2021-07-12 13:00:00,ok,33570.5,33000,34000,303019940,33585.5,0
1138.551435,2021-07-12 14:00:00,ok,33579,32799,34000,38008500,33419,0
424.9709891,2021-07-12 15:00:00,ok,33406,33336,33494,14207210,33336,0
706.7248541,2021-07-12 16:00:00,ok,33336,32683,33766,23437020,33138.5,0
983.1293487,2021-07-12 17:00:00,ok,33138,32629.5,33603.5,32445980,33121,0
791.1854353,2021-07-12 18:00:00,ok,33121.5,32599,33182,26145140,33015.5,0
273.8632498,2021-07-12 19:00:00,ok,33005,32780,33349.5,9027380,32817,0
534.089746,2021-07-12 20:00:00,ok,32817,32302,32968,17521150,32850.5,0
167.8375788,2021-07-12 21:00:00,ok,32850.5,32810,32970.5,5519190,32870.5,0
91.69919236,2021-07-12 22:00:00,ok,32860,32853.5,33092.5,3024180,33053.5,1
79.81987024,2021-07-12 23:00:00,ok,33052,32984,33282,2642780,33107.5,0
77.0458018,2021-07-13 00:00:00,ok,33091,32845,33207,2544960,33048.5,0
70.82950896,2021-07-13 01:00:00,ok,33063,32958,33199.5,2341680,33153.5,0
28.30303141,2021-07-13 02:00:00,ok,33159,33069.5,33196,937630,33075.5,0
235.6692738,2021-07-13 03:00:00,ok,33077,33077,33212,7812530,33120,0
115.9447574,2021-07-13 04:00:00,ok,33082.5,33057,33159.5,3836300,33142.5,0
96.80105376,2021-07-13 05:00:00,ok,33127,32745.5,33332.5,3191470,32820,0
51.64746982,2021-07-13 06:00:00,ok,32817.5,32814.5,33374.5,1703130,32977.5,0
130.5053982,2021-07-13 07:00:00,ok,32978,32978,33555,4333140,33192,1
661.6982628,2021-07-13 08:00:00,ok,33193,33118.5,33261.5,21971240,33240,0
470.9902734,2021-07-13 09:00:00,ok,33238,32670,33289.5,15644770,33285,0
319.2789181,2021-07-13 10:00:00,ok,33290,33064,33330,10611410,33101.5,0
278.2574513,2021-07-13 11:00:00,ok,33097,32517,33330,9200760,33040,0
401.4453565,2021-07-13 12:00:00,ok,33042.5,32025,33042.5,13071010,32343,0
124.5425276,2021-07-13 13:00:00,ok,32348.5,32284,33005,4042920,32584.5,1
4921.727798,2021-07-13 14:00:00,ok,32570,31921,33114.5,160010140,32549.5,0
4345.749359,2021-07-13 15:00:00,ok,32550,32413.5,33210.5,141492370,32530,0
3804.171202,2021-07-13 16:00:00,ok,32530,31930.5,32580,123758000,32580,0
538.0654051,2021-07-13 17:00:00,ok,32580,32370.5,33112.5,17618980,32770,1
528.4507545,2021-07-13 18:00:00,ok,32769,32460,32769,17268620,32482.5,0
341.067687,2021-07-13 19:00:00,ok,32482.5,32232.5,32594,11045810,32288,0
220.6470896,2021-07-13 20:00:00,ok,32281,32193.5,32520.5,7145890,32495,1
277.2891187,2021-07-13 21:00:00,ok,32488,32407,32600,9017960,32573.5,0
490.8224155,2021-07-13 22:00:00,ok,32569.5,32431.5,32630.5,15988040,32572,0
219.7679159,2021-07-13 23:00:00,ok,32559,32522.5,32747.5,7168010,32730,0
173.9051866,2021-07-14 00:00:00,ok,32739.5,32359.5,32809,5672140,32430,0
492.0621402,2021-07-14 01:00:00,ok,32417,31936.5,32492.5,15791620,32368.5,0
411.944502,2021-07-14 02:00:00,ok,32376,32344,32904.5,13378140,32530,0
306.6443675,2021-07-14 03:00:00,ok,32538.5,31645.5,32568.5,9817690,31835,0
49.94963205,2021-07-14 04:00:00,ok,31820,31780,31997,1593300,31933,0
1201.998003,2021-07-14 05:00:00,ok,31932.5,31371,32363,38290610,31808,0
16129.91511,2021-07-14 06:00:00,ok,31809.5,30130,32565,512533330,31860,0
20243.46707,2021-07-14 07:00:00,ok,31860,31242.5,32694,647637590,31931.5,0
438.6892515,2021-07-14 08:00:00,ok,31886.5,31726,32235,13997130,31739,0
1402.78462,2021-07-14 09:00:00,ok,31748.5,31565,32900,45420960,32357.5,1
179.101217,2021-07-14 10:00:00,ok,32344,32288.5,32676,5809730,32429.5,0
13532.62598,2021-07-14 11:00:00,ok,32426.5,31804,34950,460100250,32986,1
6431.498828,2021-07-14 12:00:00,ok,32981.5,32000,33838.5,209823300,32329.5,0
1496.735923,2021-07-14 13:00:00,ok,32329.5,32205.5,33250,49083820,32806.5,1
1491.376461,2021-07-14 14:00:00,ok,32790.5,32323,33453.5,48989030,32866.5,0
1462.112303,2021-07-14 15:00:00,ok,32867,32373.5,33398,47973890,32779.5,0
1907.45029,2021-07-14 16:00:00,ok,32780,32706,33310.5,62702090,32843,0
2801.557863,2021-07-14 17:00:00,ok,32829.5,32650,33341,92272730,32857,0
12687.36966,2021-07-14 18:00:00,ok,32692,32459,33564.5,418559730,32750,0
286.7007443,2021-07-14 19:00:00,ok,32750,32580,32777,9377770,32713,0
129.4523034,2021-07-14 20:00:00,ok,32708,32444,33280,4243360,32787,0
161.1574703,2021-07-14 21:00:00,ok,32785.5,32372,32915.5,5291750,32851.5,0
79.39735968,2021-07-14 22:00:00,ok,32851,32341,33039.5,2609460,32956,0
193.3215361,2021-07-14 23:00:00,ok,32960,32682.5,32967,6347110,32810,0
1264.489271,2021-07-15 00:00:00,ok,32808,32761.5,33024.5,41456450,32943.5,0
154.0960496,2021-07-15 01:00:00,ok,32941,32780,33152.5,5063430,32780,0
1054.354525,2021-07-15 02:00:00,ok,32780.5,32700,32893,34564140,32744.5,0
2566.536415,2021-07-15 03:00:00,ok,32744.5,32059.5,33187.5,83787080,32641,0
263.7513451,2021-07-15 04:00:00,ok,32631,32437.5,32677.5,8582830,32637.5,0
50.50133977,2021-07-15 05:00:00,ok,32649.5,32476,32649.5,1645230,32563,0
162.6774466,2021-07-15 06:00:00,ok,32566,32397,32644.5,5293790,32487,0
393.9065247,2021-07-15 07:00:00,ok,32479,32200,32588.5,12789200,32448,0
1085.20467,2021-07-15 08:00:00,ok,32450.5,31869,33017,35213980,32376.5,0
307.6639889,2021-07-15 09:00:00,ok,32340.5,32328.5,32594.5,9990980,32498.5,0
2254.113803,2021-07-15 10:00:00,ok,32497.5,31474,33000,72072530,31854,0
323.4193555,2021-07-15 11:00:00,ok,31853.5,31813,31962.5,10315820,31867,0
252.9663443,2021-07-15 12:00:00,ok,31854,31500,32264.5,8037620,31718,0
531.4825915,2021-07-15 13:00:00,ok,31691.5,31168,31887.5,16723020,31826.5,0
669.6940159,2021-07-15 14:00:00,ok,31826.5,31345,32360,21308530,31772,0
179.1219198,2021-07-15 15:00:00,ok,31755.5,31648,32266.5,5691150,31687,0
57.73808952,2021-07-15 16:00:00,ok,31672,31148.5,32049,1825000,31551,0
1590.494945,2021-07-15 17:00:00,ok,31539.5,30793.5,31539.5,49515170,31259.5,0
333.4842278,2021-07-15 18:00:00,ok,31259.5,30799.5,31497.5,10456940,31443,1
299.0124474,2021-07-15 19:00:00,ok,31460,31400,31774,9418060,31556.5,0
42.79047677,2021-07-15 20:00:00,ok,31541,31108,32100.5,1352260,31740,1
7.300652,2021-07-15 21:00:00,ok,31750,31234.5,31795,231300,31699.5,0
5.09531054,2021-07-15 22:00:00,ok,31699.5,31625.5,31855.5,161820,31758,0
7.188964,2021-07-15 23:00:00,ok,31763,31239,32125.5,228290,31862,0
6.32445562,2021-07-16 00:00:00,ok,31865,31580,31937.5,200510,31622,0
2447.920162,2021-07-16 01:00:00,ok,31640,30908,31900,77929610,31900,1
4436.4804,2021-07-16 02:00:00,ok,31900,31883,33057.5,142617950,31931,0
3748.021059,2021-07-16 03:00:00,ok,31931,29531.5,31962,118865750,31950,0
1323.180606,2021-07-16 04:00:00,ok,31939,31868.5,31964,42280150,31929,0
95.85945751,2021-07-16 05:00:00,ok,31930,31748,31964,3060360,31817.5,0
77.179462,2021-07-16 06:00:00,ok,31810,31103,31810,2436070,31628.5,0
43.75162307,2021-07-16 07:00:00,ok,31630,31588,31740,1385680,31696.5,0
363.9292596,2021-07-16 08:00:00,ok,31700,31118,31965,11480200,31495.5,0
135.380179,2021-07-16 09:00:00,ok,31489.5,30919,31783.5,4257210,31412.5,0
454.8699664,2021-07-16 10:00:00,ok,31415.5,30760,31783.5,14232340,31321.5,0
1056.136947,2021-07-16 11:00:00,ok,31321.5,30696.5,31717.5,32907860,31086.5,0
29214.65773,2021-07-16 12:00:00,ok,31084.5,30600,32333.5,924045180,31684.5,1
12477.39094,2021-07-16 13:00:00,ok,31685,30540,32472.5,396626630,31761,0
19.22344139,2021-07-16 14:00:00,ok,31758,31752.5,31936,612780,31868,0
53.07232897,2021-07-16 15:00:00,ok,31865.5,31808.5,32621,1696200,32137,1
97.3703398,2021-07-16 16:00:00,ok,32143,31828,32260,3132940,32070.5,0
36.57260579,2021-07-16 17:00:00,ok,32071.5,31568.5,32139,1173480,32063,0
7.40771619,2021-07-16 18:00:00,ok,32081,31950.5,32081,236960,31967.5,0
1.67861328,2021-07-16 19:00:00,ok,31967,31511,32080.5,53720,31920,0
38.86319131,2021-07-16 20:00:00,ok,31910,31837.5,31980,1240540,31840,0
101.6608295,2021-07-16 21:00:00,ok,31830,31246.5,31863,3201750,31731.5,0
2499.040959,2021-07-16 22:00:00,ok,31741,31730,32299,79594530,31758.5,0
308.0083932,2021-07-16 23:00:00,ok,31758.5,31349,31758.5,9743760,31390,0
3.60324238,2021-07-17 00:00:00,ok,31380.5,31174.5,31594.5,112870,31594.5,1
2168.947783,2021-07-17 01:00:00,ok,31600,29372.5,31625.5,66937840,31404,0
402.0367066,2021-07-17 02:00:00,ok,31402.5,30895,31446,12599000,31347.5,0
291.3893139,2021-07-17 03:00:00,ok,31339,31280,31446.5,9152070,31303.5,0
181.1566784,2021-07-17 04:00:00,ok,31290,31190,31434,5670530,31392.5,0
2013.961351,2021-07-17 05:00:00,ok,31380,31369.5,31471.5,63334870,31471.5,0
1954.153055,2021-07-17 06:00:00,ok,31473.5,30035.5,32050.5,61464270,31578.5,0
504.3710625,2021-07-17 07:00:00,ok,31580,31457,31580,15910580,31512,0
782.5571384,2021-07-17 08:00:00,ok,31512,30889,31955,24550490,31698.5,1
268.3086105,2021-07-17 09:00:00,ok,31705.5,31470.5,31785,8494610,31617.5,0
235.8184911,2021-07-17 10:00:00,ok,31610.5,31257,31762.5,7395670,31280,0
29167.83303,2021-07-17 11:00:00,ok,31277.5,29800,31757,908150500,31381.5,0
2171.226375,2021-07-17 12:00:00,ok,31382,31335.5,31441,68242880,31441,0
3975.243115,2021-07-17 13:00:00,ok,31441,30990.5,32434.5,126110390,31627,1
404.269595,2021-07-17 14:00:00,ok,31620.5,31610,31750,12812300,31646.5,0
648.8742906,2021-07-17 15:00:00,ok,31646.5,31469.5,32080.5,20504850,31749,0
4.58700498,2021-07-17 16:00:00,ok,31764.5,31651,31877,145610,31695,0
1.84075576,2021-07-17 17:00:00,ok,31707.5,31556,31741.5,58270,31728,0
36.13229826,2021-07-17 18:00:00,ok,31736,31312,31877,1144590,31744.5,0
77.47012117,2021-07-17 19:00:00,ok,31752,31235,31922,2463390,31860,0
6.17345721,2021-07-17 20:00:00,ok,31851.5,31734.5,31909,196420,31734.5,0
7.12654522,2021-07-17 21:00:00,ok,31735,31436,31827,225980,31728.5,0
2.73996207,2021-07-17 22:00:00,ok,31719,31614,31720.5,86780,31645.5,0
1.93894637,2021-07-17 23:00:00,ok,31644,31493,31644,61210,31513.5,0
713.6849552,2021-07-18 00:00:00,ok,31515.5,31476.5,32367,22843770,31988.5,1
685.1361213,2021-07-18 01:00:00,ok,31988.5,31959.5,32749.5,22075520,32218,1
139.7901962,2021-07-18 02:00:00,ok,32215,31672.5,32281.5,4504240,32212.5,0
2.44008033,2021-07-18 03:00:00,ok,32212.5,32078,32228,78500,32165,0
6.74181725,2021-07-18 04:00:00,ok,32165,32061.5,32197,216470,32082.5,0
333.975278,2021-07-18 05:00:00,ok,32083.5,32058.5,32130,10712020,32059,0
146.0534968,2021-07-18 06:00:00,ok,32057,31858.5,32070.5,4667040,31890.5,0
3183.116782,2021-07-18 07:00:00,ok,31886,31325,32347.5,101459430,31694.5,0
232.5538851,2021-07-18 08:00:00,ok,31694,31292.5,31878.5,7379880,31755,0
192.4877668,2021-07-18 09:00:00,ok,31753,31292.5,31878.5,6105610,31715,0
30.86847579,2021-07-18 10:00:00,ok,31727,31292.5,31735,976510,31701,0
1847.94751,2021-07-18 11:00:00,ok,31688,31223,32166.5,58443930,31790,0
1620.825793,2021-07-18 12:00:00,ok,31792.5,31279.5,31837,50916650,31741.5,0
47.87127195,2021-07-18 13:00:00,ok,31741,31158.5,31754,1515880,31693.5,0
125.1168146,2021-07-18 14:00:00,ok,31694,30701.5,31734.5,3934290,31308,0
299.3562187,2021-07-18 15:00:00,ok,31314.5,30791,31446,9381380,31382,0
588.7216238,2021-07-18 16:00:00,ok,31376.5,30842,31881.5,18577130,31461,0
133.3078662,2021-07-18 17:00:00,ok,31458,31402,31767.5,4197950,31597.5,0
238.7627451,2021-07-18 18:00:00,ok,31594.5,31147,31663,7464540,31608.5,0
58.43636441,2021-07-18 19:00:00,ok,31606,31606,31722,1850190,31625.5,0
165.2399965,2021-07-18 20:00:00,ok,31631.5,31146.5,31736.5,5230030,31635.5,0
88.69246722,2021-07-18 21:00:00,ok,31631.5,31574,31826.5,2811570,31826.5,1
122.2733681,2021-07-18 22:00:00,ok,31823,31444.5,31913.5,3873400,31547.5,0
107.1035099,2021-07-18 23:00:00,ok,31551.5,31500.5,31857.5,3388730,31772,1
93.01814788,2021-07-19 00:00:00,ok,31772.5,31555,31837,2953560,31600,0
97.65940897,2021-07-19 01:00:00,ok,31601,31110,31633.5,3063420,31592.5,0
26.64628864,2021-07-19 02:00:00,ok,31599,31477.5,31679,842270,31534.5,0
35.82588884,2021-07-19 03:00:00,ok,31537,31449,31606.5,1127980,31550.5,0
12.37855221,2021-07-19 04:00:00,ok,31536,31516,31828,391930,31725,1
110.9645915,2021-07-19 05:00:00,ok,31740,31653,31851.5,3530330,31793.5,0
32.70984924,2021-07-19 06:00:00,ok,31791.5,31731,31848,1040810,31802,0
2924.015622,2021-07-19 07:00:00,ok,31798.5,31247.5,32280.5,92831090,31609.5,0
301.8396916,2021-07-19 08:00:00,ok,31605.5,31040,31669,9538640,31477.5,0
25.62363268,2021-07-19 09:00:00,ok,31473.5,31315.5,31525.5,804950,31367.5,0
19756.82057,2021-07-19 10:00:00,ok,31366.5,30611.5,32030,617500950,31187.5,0
274.6427263,2021-07-19 11:00:00,ok,31184,30764,31435.5,8596840,31258.5,0
358.1738237,2021-07-19 12:00:00,ok,31258.5,30219.5,31347.5,11013120,30723.5,0
206.2677845,2021-07-19 13:00:00,ok,30704.5,30258.5,30853,6322820,30599.5,0
262.5494297,2021-07-19 14:00:00,ok,30593,30100.5,30835,8054180,30792.5,1
551.5428995,2021-07-19 15:00:00,ok,30799.5,30411.5,30927.5,16998000,30664.5,0
329.0324377,2021-07-19 16:00:00,ok,30664.5,30226,31033,10091130,30698.5,0
46.74421187,2021-07-19 17:00:00,ok,30698,30666.5,31169.5,1436430,30713,0
44.84185008,2021-07-19 18:00:00,ok,30723,30594.5,30790.5,1377100,30637,0
9.9927154,2021-07-19 19:00:00,ok,30643,30565.5,30762,306450,30723,0
13.36703617,2021-07-19 20:00:00,ok,30770,30685,30819.5,410900,30775,0
9.09355841,2021-07-19 21:00:00,ok,30768.5,30708.5,30863.5,279920,30708.5,0
53.95654189,2021-07-19 22:00:00,ok,30712.5,30712.5,30920,1666060,30844.5,0
78.71020978,2021-07-19 23:00:00,ok,30854.5,30786.5,31360.5,2446890,30810,0
10.65901502,2021-07-20 00:00:00,ok,30820,30750,31041.5,328980,30800,0
29.41403374,2021-07-20 01:00:00,ok,30809,30547.5,30828.5,901560,30617,0
265.8252299,2021-07-20 02:00:00,ok,30616.5,29841,31095,8104550,30189,0
108.3426087,2021-07-20 03:00:00,ok,30180,29500.5,30250,3215440,29596,0
182.9464321,2021-07-20 04:00:00,ok,29597.5,29507.5,30000,5422950,29657.5,0
570.6821611,2021-07-20 05:00:00,ok,29657.5,29573,30000,16948380,29703.5,0
51.22701437,2021-07-20 06:00:00,ok,29715,29614,29747,1519640,29686,0
113.222393,2021-07-20 07:00:00,ok,29703.5,29703.5,29868.5,3367550,29812,0
153.2682426,2021-07-20 08:00:00,ok,29823.5,29385,30034,4560110,29625,0
284.7257625,2021-07-20 09:00:00,ok,29621,29200,29799,8427280,29413.5,0
267.3770321,2021-07-20 10:00:00,ok,29413.5,29200,29678,7886240,29662.5,1
197.6229705,2021-07-20 11:00:00,ok,29667,29563.5,30034,5861460,29683,0
112.7900177,2021-07-20 12:00:00,ok,29684.5,29613.5,29775,3349950,29705,0
196.0578189,2021-07-20 13:00:00,ok,29701.5,29446.5,29981.5,5807480,29519,0
127.3786405,2021-07-20 14:00:00,ok,29519,28900,29936,3760260,29733,1
54.64645159,2021-07-20 15:00:00,ok,29727,29686.5,29970.5,1630640,29872.5,0
18.40166469,2021-07-20 16:00:00,ok,29899,29643.5,29967.5,547890,29643.5,0
11.18171969,2021-07-20 17:00:00,ok,29667,29600.5,29690,331460,29634.5,0
3.57043647,2021-07-20 18:00:00,ok,29658,29630,29817,106090,29768,0
6.52827599,2021-07-20 19:00:00,ok,29732,29732,29878.5,194660,29770.5,0
29.41295506,2021-07-20 20:00:00,ok,29771,29771,29960,879210,29840,0
64.51914632,2021-07-20 21:00:00,ok,29839.5,29594,30000,1917530,29664.5,0
11.7298416,2021-07-20 22:00:00,ok,29675.5,29489,29728,347400,29545.5,0
19.38452499,2021-07-20 23:00:00,ok,29545.5,29545.5,29871,574880,29778,1
72.30671902,2021-07-21 00:00:00,ok,29777,29552.5,29860.5,2147740,29581.5,0
62.24960392,2021-07-21 01:00:00,ok,29581,29500.5,29784.5,1846220,29765,1
41.57978697,2021-07-21 02:00:00,ok,29757,29709.5,29876,1238500,29812.5,0
20.20221311,2021-07-21 03:00:00,ok,29810.5,29778.5,29899.5,603090,29836.5,0
268.9410359,2021-07-21 04:00:00,ok,29829.5,29829.5,30744,8203320,30650,1
40.34308636,2021-07-21 05:00:00,ok,30655,30319,30846,1240300,30679.5,0
95.53715919,2021-07-21 06:00:00,ok,30679,30648.5,30901,2937710,30877.5,1
44.61511274,2021-07-21 07:00:00,ok,30879,30774,30999,1375820,30824.5,0
1643.394399,2021-07-21 08:00:00,ok,30830,30302.5,31269,50454590,30830,0
101.4776301,2021-07-21 09:00:00,ok,30837.5,30772,31382,3142570,31302.5,1
469.7418244,2021-07-21 10:00:00,ok,31315,31264.5,31547.5,14748740,31359,0
457.6624755,2021-07-21 11:00:00,ok,31364.5,31006,31947,14371530,31569,1
164.4922724,2021-07-21 12:00:00,ok,31545,31134,31776,5180860,31433,0
4519.393788,2021-07-21 13:00:00,ok,31432,30859.5,32046,142438550,31482.5,0
606.0700407,2021-07-21 14:00:00,ok,31486.5,31486.5,32072.5,19279820,31818,1
206.2718931,2021-07-21 15:00:00,ok,31818,31766,32100,6586490,31915.5,0
388.1906016,2021-07-21 16:00:00,ok,31933,31850.5,32390,12455220,32106.5,1
5.42075817,2021-07-21 17:00:00,ok,32095,31818,32190,173590,32171,0
33.86773203,2021-07-21 18:00:00,ok,32142,31770,32799.5,1096490,31800.5,0
477.4684981,2021-07-21 19:00:00,ok,31787,31119,32467.5,15163690,31627.5,0
13.01594032,2021-07-21 20:00:00,ok,31631.5,31516,31911.5,411830,31843,1
10.52805365,2021-07-21 21:00:00,ok,31835.5,31691,31935,335020,31822.5,0
164.7502834,2021-07-21 22:00:00,ok,31822.5,31798,32179.5,5280090,32087.5,1
12.89267,2021-07-21 23:00:00,ok,32087,31951.5,32217,413460,32102,0
12.10602496,2021-07-22 00:00:00,ok,32110.5,31893,32342.5,389210,32082,0
13.6071821,2021-07-22 01:00:00,ok,32057.5,31891.5,32075,435410,31968.5,0
8.53201801,2021-07-22 02:00:00,ok,31966.5,31787.5,31966.5,272080,31865.5,0
16.33700796,2021-07-22 03:00:00,ok,31851,31817.5,32092.5,522370,31925.5,0
18.76530684,2021-07-22 04:00:00,ok,31933,31896,32190,601910,32023.5,0
28.61967333,2021-07-22 05:00:00,ok,32037,31600,32150.5,912740,31889,0
25.70654597,2021-07-22 06:00:00,ok,31889.5,31600,32077,821870,32020,0
18.53560798,2021-07-22 07:00:00,ok,32049.5,31635,32294,596090,32120.5,0
434.6788193,2021-07-22 08:00:00,ok,32119,31684.5,32645,13926180,32106.5,0
1939.662264,2021-07-22 09:00:00,ok,32101,31390.5,32473,61644610,32000,0
12427.37863,2021-07-22 10:00:00,ok,32000,31222,32564.5,394980910,31807.5,0
1091.91034,2021-07-22 11:00:00,ok,31808,31285.5,32240.5,34736570,31905.5,0
423.4148834,2021-07-22 12:00:00,ok,31906,31428,32207,13488450,32185,1
88.64240268,2021-07-22 13:00:00,ok,32185,32057.5,32239.5,2848480,32079.5,0
57.59511505,2021-07-22 14:00:00,ok,32080,31985.5,32278.5,1850130,32275,1
216.4208984,2021-07-22 15:00:00,ok,32265,32184,32765,7019460,32505,1
8783.848373,2021-07-22 16:00:00,ok,32504,31797.5,33003,285464410,32356.5,0
188.4199319,2021-07-22 17:00:00,ok,32357,32335,32467.5,6108560,32416,0
32.11285155,2021-07-22 18:00:00,ok,32414.5,32228,32429,1036520,32280.5,0
21.51172292,2021-07-22 19:00:00,ok,32259.5,32244.5,32411,695590,32392,0
37.26828849,2021-07-22 20:00:00,ok,32369.5,31727.5,32369.5,1192010,32249,0
62.23429374,2021-07-22 21:00:00,ok,32249,31745,32485,2007180,32132.5,0
8.32116527,2021-07-22 22:00:00,ok,32117,32076.5,32254.5,267740,32158,0
7.74060683,2021-07-22 23:00:00,ok,32165.5,32135,32363,249770,32291.5,0
7.9314631,2021-07-23 00:00:00,ok,32286.5,32190,32398,256190,32363,0
218.9607369,2021-07-23 01:00:00,ok,32381,32339.5,32892.5,7162230,32760.5,1
4443.333649,2021-07-23 02:00:00,ok,32773,32030,33200.5,144731750,32630.5,0
58.10930229,2021-07-23 03:00:00,ok,32643.5,32500.5,32666.5,1893460,32585,0
6.02910465,2021-07-23 04:00:00,ok,32564.5,32561,32750,196890,32682,0
93.90826755,2021-07-23 05:00:00,ok,32693,32613.5,33129,3086700,32620.5,0
562.0229123,2021-07-23 06:00:00,ok,32636.5,32425,32763.5,18319800,32586,0
1027.146828,2021-07-23 07:00:00,ok,32582.5,31963.5,32601,33208280,32478,0
1460.109479,2021-07-23 08:00:00,ok,32477.5,32209,32995.5,47322590,32317,0
1070.818445,2021-07-23 09:00:00,ok,32317,31831,32488,34656110,32339.5,0
151.2844529,2021-07-23 10:00:00,ok,32339.5,31891.5,32381.5,4885910,32340,0
924.0186548,2021-07-23 11:00:00,ok,32338,32297.5,32856,29906050,32297.5,0
719.5271863,2021-07-23 12:00:00,ok,32298,32253,32869,23328620,32452,0
269.6827755,2021-07-23 13:00:00,ok,32449.5,32391.5,32697,8749700,32557,0
87.53766939,2021-07-23 14:00:00,ok,32564.5,31992,32587,2843560,32496,0
73.76860388,2021-07-23 15:00:00,ok,32496,32294,32561,2393570,32317.5,0
472.4267868,2021-07-23 16:00:00,ok,32317.5,31932,32338.5,15176830,32178.5,0
523.8313786,2021-07-23 17:00:00,ok,32178,32005,32216,16838160,32214.5,0
766.4637052,2021-07-23 18:00:00,ok,32214.5,32083.5,32331.5,24677970,32142,0
489.334286,2021-07-23 19:00:00,ok,32142,32133.5,32302,15758870,32279,0
84.69850946,2021-07-23 20:00:00,ok,32279,32215.5,32586,2744580,32467,1
132.365889,2021-07-23 21:00:00,ok,32490.5,32448.5,32846,4315880,32632,1
175.825819,2021-07-23 22:00:00,ok,32630.5,32498,33268.5,5791690,33169.5,1
155.0014017,2021-07-23 23:00:00,ok,33167,33107.5,33622,5177000,33612.5,1
67.16836646,2021-07-24 00:00:00,ok,33631.5,33435,33869.5,2254680,33579.5,0
6.36893831,2021-07-24 01:00:00,ok,33595,33461,33687,213810,33634.5,0
17.26262592,2021-07-24 02:00:00,ok,33637.5,33619,33799.5,581840,33688.5,0
4.86228492,2021-07-24 03:00:00,ok,33690.5,33557.5,33714.5,163490,33681.5,0
9.30002003,2021-07-24 04:00:00,ok,33686,33637,33899.5,313880,33708.5,0
350.398553,2021-07-24 05:00:00,ok,33713.5,33597.5,33797.5,11796490,33777.5,0
108.4592628,2021-07-24 06:00:00,ok,33777,33727,33984.5,3669110,33907.5,0
1557.347844,2021-07-24 07:00:00,ok,33911.5,33748.5,34416.5,52800220,33900,0
15666.49205,2021-07-24 08:00:00,ok,33900,32845.5,34541.5,528677350,33657.5,0
730.0918911,2021-07-24 09:00:00,ok,33656.5,33640,34306,24734800,33873,1
118.9219429,2021-07-24 10:00:00,ok,33884.5,33794,33960.5,4030490,33938.5,0
5.00800455,2021-07-24 11:00:00,ok,33907.5,33720,34076.5,169830,33891,0
8258.324875,2021-07-24 12:00:00,ok,33902,33358,35967,283665730,33853,0
10299.55451,2021-07-24 13:00:00,ok,33828,33211,34450,349073710,33817,0
1502.597376,2021-07-24 14:00:00,ok,33817,33762.5,33957,50809520,33901.5,0
9.67434098,2021-07-24 15:00:00,ok,33901.5,33862.5,34072,328380,33895,0
18.74950674,2021-07-24 16:00:00,ok,33891.5,33600,34499.5,642060,34476,1
27.03936919,2021-07-24 17:00:00,ok,34465.5,34239,34549,929190,34351.5,0
12.97620152,2021-07-24 18:00:00,ok,34354,34283,34453,446160,34326,0
57.83948717,2021-07-24 19:00:00,ok,34323,33678.5,34323,1973390,33932,0
138.7729066,2021-07-24 20:00:00,ok,33898,33600,33984.5,4704380,33946.5,0
104.5297855,2021-07-24 21:00:00,ok,33954.5,33846,34146.5,3554690,34130.5,1
234.5798827,2021-07-24 22:00:00,ok,34133,33894.5,34547.5,7985680,34064.5,0
121.5740195,2021-07-24 23:00:00,ok,34065.5,33971,34320,4149970,34292,1
187.0500601,2021-07-25 00:00:00,ok,34300.5,33964.5,34488.5,6409160,34057.5,0
103.9871786,2021-07-25 01:00:00,ok,34061.5,33890.5,34163,3538620,33964,0
93.44575568,2021-07-25 02:00:00,ok,33967,33958.5,34253,3190240,34238.5,1
328.6123332,2021-07-25 03:00:00,ok,34234,33807,34865.5,11258760,34216.5,0
180.4611273,2021-07-25 04:00:00,ok,34217.5,34132.5,34538,6203570,34430,1
204.8910137,2021-07-25 05:00:00,ok,34428.5,34270.5,34630,7048260,34362.5,0
91.09365331,2021-07-25 06:00:00,ok,34362.5,34328.5,34533,3138300,34515.5,0
99.61136573,2021-07-25 07:00:00,ok,34508.5,34494.5,34825.5,3458370,34727,1
91.34118665,2021-07-25 08:00:00,ok,34729,34488,34832.5,3166680,34604.5,0
732.0374803,2021-07-25 09:00:00,ok,34606,33952,35015,25425250,34551,0
321.775835,2021-07-25 10:00:00,ok,34551,34322,35050,11108130,34399,0
266.2718721,2021-07-25 11:00:00,ok,34399,33880,35030,9167400,34422,0
99.79072275,2021-07-25 12:00:00,ok,34427.5,33880,34865,3427800,34322,0
30.87186282,2021-07-25 13:00:00,ok,34331,34084,34382,1057020,34206.5,0
26.27036429,2021-07-25 14:00:00,ok,34210,33894.5,34210,893740,34144.5,0
9.38818262,2021-07-25 15:00:00,ok,34133.5,33996.5,34311.5,320920,34223,0
11.03034673,2021-07-25 16:00:00,ok,34213.5,34121,34290,377350,34230.5,0
5768.088001,2021-07-25 17:00:00,ok,34237,33800.5,35107,198797760,34494.5,1
197.1176336,2021-07-25 18:00:00,ok,34507,34401,34524,6792730,34450.5,0
297.6219237,2021-07-25 19:00:00,ok,34447,34293,34622.5,10257440,34382.5,0
47001.96317,2021-07-25 20:00:00,ok,34399.5,33728.5,37055,1630581550,36997.5,1
5095.018424,2021-07-25 21:00:00,ok,36997.5,34038,36997.5,179300140,34590.5,0
579.0907177,2021-07-25 22:00:00,ok,34563.5,34480,34682,20009020,34682,0
10.23963227,2021-07-25 23:00:00,ok,34700,34623.5,35467.5,359130,35443,1
62.98572827,2021-07-26 00:00:00,ok,35448,35300.5,36891.5,2282880,36775,1
301.5572857,2021-07-26 01:00:00,ok,36774,36770.5,39839.5,11602420,38343.5,1
107.6365414,2021-07-26 02:00:00,ok,38361,37943.5,38754.5,4123160,38085,0
51.87871133,2021-07-26 03:00:00,ok,38080.5,38014.5,38704.5,1979610,38327,1
808.5286232,2021-07-26 04:00:00,ok,38315,37780,38913.5,31160850,38332,0
240.1639427,2021-07-26 05:00:00,ok,38330,38277.5,38614.5,9226940,38604,1
319.3927587,2021-07-26 06:00:00,ok,38604,38525.5,39245,12426440,38675,0
27814.15029,2021-07-26 07:00:00,ok,38695,37174,38883.5,1062167490,38176,0
13988.9268,2021-07-26 08:00:00,ok,38184,37051.5,38845.5,530319430,38223.5,0
1426.056314,2021-07-26 09:00:00,ok,38229.5,38070.5,38403,54564410,38280,0
624.0620935,2021-07-26 10:00:00,ok,38276.5,38131.5,38994,23924500,38642.5,1
152.0635914,2021-07-26 11:00:00,ok,38647.5,38422.5,38751,5864190,38517.5,0
215.0039564,2021-07-26 12:00:00,ok,38545,38333.5,39061,8332270,38687.5,0
814.5239755,2021-07-26 13:00:00,ok,38696,37928,38762,31164610,38365,0
811.1099081,2021-07-26 14:00:00,ok,38343,38219.5,38582,31141910,38319,0
581.6741983,2021-07-26 15:00:00,ok,38328.5,38246.5,38688,22368940,38610,1
192.6560807,2021-07-26 16:00:00,ok,38564,38540,39836.5,7484580,39056,1
144.3528347,2021-07-26 17:00:00,ok,39067,38848,39428.5,5665330,39241,0
77.4970823,2021-07-26 18:00:00,ok,39230.5,39230.5,40376.5,3078720,39745.5,1
83.69025679,2021-07-26 19:00:00,ok,39724,39139.5,40567,3349380,39483,0
383.4647852,2021-07-26 20:00:00,ok,39388.5,36953,39509,14593910,37771.5,0
51.88884775,2021-07-26 21:00:00,ok,37761,36880.5,37891,1947060,37165.5,0
17.85048215,2021-07-26 22:00:00,ok,37148,36822.5,37673.5,663250,37596.5,1
10.28767352,2021-07-26 23:00:00,ok,37603,37253,37749,385720,37296.5,0
8.02503554,2021-07-27 00:00:00,ok,37281,37051.5,37538.5,299350,37477.5,0
14.02839875,2021-07-27 01:00:00,ok,37467,36830.5,37499.5,520510,36937,0
90.36602213,2021-07-27 02:00:00,ok,36898,36391.5,37181.5,3309590,36605.5,0
81.06898172,2021-07-27 03:00:00,ok,36578,36105,36965.5,2952420,36847.5,1
3.97107089,2021-07-27 04:00:00,ok,36833,36759,37129.5,146670,36969,0
